name,num_qubits,time
bench_qcgpu,2,0.42386484146118164
bench_qcgpu,2,0.008327007293701172
bench_qcgpu,2,0.007566690444946289
bench_qcgpu,2,0.007402181625366211
bench_qcgpu,2,0.00740814208984375
bench_qcgpu,2,0.007432222366333008
bench_qcgpu,2,0.0074956417083740234
bench_qcgpu,2,0.007375001907348633
bench_qcgpu,2,0.007380962371826172
bench_qcgpu,2,0.007352352142333984
bench_qcgpu,2,0.007410764694213867
bench_qcgpu,2,0.007437944412231445
bench_qcgpu,2,0.007368803024291992
bench_qcgpu,2,0.007371664047241211
bench_qcgpu,2,0.007361888885498047
bench_qcgpu,2,0.007383584976196289
bench_qcgpu,2,0.007444620132446289
bench_qcgpu,2,0.007361173629760742
bench_qcgpu,2,0.007356882095336914
bench_qcgpu,2,0.007386684417724609
bench_qcgpu,2,0.014250516891479492
bench_qcgpu,2,0.008116722106933594
bench_qcgpu,2,0.007495880126953125
bench_qcgpu,2,0.007376670837402344
bench_qcgpu,2,0.00738215446472168
bench_qcgpu,2,0.0075511932373046875
bench_qcgpu,2,0.007437467575073242
bench_qcgpu,2,0.007326841354370117
bench_qcgpu,2,0.007352113723754883
bench_qcgpu,2,0.007359504699707031
bench_qcgpu,2,0.007385969161987305
bench_qcgpu,2,0.007450580596923828
bench_qcgpu,2,0.0073719024658203125
bench_qcgpu,2,0.007515430450439453
bench_qcgpu,2,0.007340431213378906
bench_qcgpu,2,0.007370471954345703
bench_qcgpu,2,0.0074269771575927734
bench_qcgpu,2,0.007889270782470703
bench_qcgpu,2,0.0073702335357666016
bench_qcgpu,2,0.007361650466918945
bench_qcgpu,3,0.014882087707519531
bench_qcgpu,3,0.014766216278076172
bench_qcgpu,3,0.014788389205932617
bench_qcgpu,3,0.014653205871582031
bench_qcgpu,3,0.014611244201660156
bench_qcgpu,3,0.01451730728149414
bench_qcgpu,3,0.014688730239868164
bench_qcgpu,3,0.014613628387451172
bench_qcgpu,3,0.014768123626708984
bench_qcgpu,3,0.014781951904296875
bench_qcgpu,3,0.014706850051879883
bench_qcgpu,3,0.01535487174987793
bench_qcgpu,3,0.01473379135131836
bench_qcgpu,3,0.01466059684753418
bench_qcgpu,3,0.01553034782409668
bench_qcgpu,3,0.014405012130737305
bench_qcgpu,3,0.014719724655151367
bench_qcgpu,3,0.014630556106567383
bench_qcgpu,3,0.015689611434936523
bench_qcgpu,3,0.014435291290283203
bench_qcgpu,3,0.014605998992919922
bench_qcgpu,3,0.015388250350952148
bench_qcgpu,3,0.015683412551879883
bench_qcgpu,3,0.014379262924194336
bench_qcgpu,3,0.014643192291259766
bench_qcgpu,3,0.014700889587402344
bench_qcgpu,3,0.01457834243774414
bench_qcgpu,3,0.014672279357910156
bench_qcgpu,3,0.014650106430053711
bench_qcgpu,3,0.015896081924438477
bench_qcgpu,3,0.014822244644165039
bench_qcgpu,3,0.014696598052978516
bench_qcgpu,3,0.014688253402709961
bench_qcgpu,3,0.015439748764038086
bench_qcgpu,3,0.014597177505493164
bench_qcgpu,3,0.014625072479248047
bench_qcgpu,3,0.014644861221313477
bench_qcgpu,3,0.014654159545898438
bench_qcgpu,3,0.015301704406738281
bench_qcgpu,3,0.01529693603515625
bench_qcgpu,4,0.02543354034423828
bench_qcgpu,4,0.025139570236206055
bench_qcgpu,4,0.07726740837097168
bench_qcgpu,4,0.024928569793701172
bench_qcgpu,4,0.025156259536743164
bench_qcgpu,4,0.0251007080078125
bench_qcgpu,4,0.025023698806762695
bench_qcgpu,4,0.0252230167388916
bench_qcgpu,4,0.02507615089416504
bench_qcgpu,4,0.025128841400146484
bench_qcgpu,4,0.026190757751464844
bench_qcgpu,4,0.025455951690673828
bench_qcgpu,4,0.0256500244140625
bench_qcgpu,4,0.02645421028137207
bench_qcgpu,4,0.025904178619384766
bench_qcgpu,4,0.025407075881958008
bench_qcgpu,4,0.025208234786987305
bench_qcgpu,4,0.025241851806640625
bench_qcgpu,4,0.025110960006713867
bench_qcgpu,4,0.025259733200073242
bench_qcgpu,4,0.025187253952026367
bench_qcgpu,4,0.025145530700683594
bench_qcgpu,4,0.02520585060119629
bench_qcgpu,4,0.025214672088623047
bench_qcgpu,4,0.025158166885375977
bench_qcgpu,4,0.02545952796936035
bench_qcgpu,4,0.025487899780273438
bench_qcgpu,4,0.02551126480102539
bench_qcgpu,4,0.025991439819335938
bench_qcgpu,4,0.025617122650146484
bench_qcgpu,4,0.025440692901611328
bench_qcgpu,4,0.028003215789794922
bench_qcgpu,4,0.02672266960144043
bench_qcgpu,4,0.02547287940979004
bench_qcgpu,4,0.025420665740966797
bench_qcgpu,4,0.025447368621826172
bench_qcgpu,4,0.025498151779174805
bench_qcgpu,4,0.025417327880859375
bench_qcgpu,4,0.02567434310913086
bench_qcgpu,4,0.025461435317993164
bench_qcgpu,5,0.03915548324584961
bench_qcgpu,5,0.0390009880065918
bench_qcgpu,5,0.03938031196594238
bench_qcgpu,5,0.04069685935974121
bench_qcgpu,5,0.03941059112548828
bench_qcgpu,5,0.040372371673583984
bench_qcgpu,5,0.0399782657623291
bench_qcgpu,5,0.03907322883605957
bench_qcgpu,5,0.04013514518737793
bench_qcgpu,5,0.040042877197265625
bench_qcgpu,5,0.03903388977050781
bench_qcgpu,5,0.03954625129699707
bench_qcgpu,5,0.03890514373779297
bench_qcgpu,5,0.038562774658203125
bench_qcgpu,5,0.03885197639465332
bench_qcgpu,5,0.0388636589050293
bench_qcgpu,5,0.03879904747009277
bench_qcgpu,5,0.03856658935546875
bench_qcgpu,5,0.038927316665649414
bench_qcgpu,5,0.03856682777404785
bench_qcgpu,5,0.038977861404418945
bench_qcgpu,5,0.03835773468017578
bench_qcgpu,5,0.03876328468322754
bench_qcgpu,5,0.03839898109436035
bench_qcgpu,5,0.038857221603393555
bench_qcgpu,5,0.03905510902404785
bench_qcgpu,5,0.03906059265136719
bench_qcgpu,5,0.03866744041442871
bench_qcgpu,5,0.0439610481262207
bench_qcgpu,5,0.03956747055053711
bench_qcgpu,5,0.03907275199890137
bench_qcgpu,5,0.03902125358581543
bench_qcgpu,5,0.03947162628173828
bench_qcgpu,5,0.039576053619384766
bench_qcgpu,5,0.03916430473327637
bench_qcgpu,5,0.039264678955078125
bench_qcgpu,5,0.0390470027923584
bench_qcgpu,5,0.03907155990600586
bench_qcgpu,5,0.03880763053894043
bench_qcgpu,5,0.03838968276977539
bench_qcgpu,6,0.05571174621582031
bench_qcgpu,6,0.05469870567321777
bench_qcgpu,6,0.05533170700073242
bench_qcgpu,6,0.054679155349731445
bench_qcgpu,6,0.0550084114074707
bench_qcgpu,6,0.05513501167297363
bench_qcgpu,6,0.056014060974121094
bench_qcgpu,6,0.05385637283325195
bench_qcgpu,6,0.05485415458679199
bench_qcgpu,6,0.05420279502868652
bench_qcgpu,6,0.05401897430419922
bench_qcgpu,6,0.054639577865600586
bench_qcgpu,6,0.05355191230773926
bench_qcgpu,6,0.12005496025085449
bench_qcgpu,6,0.05532670021057129
bench_qcgpu,6,0.05467033386230469
bench_qcgpu,6,0.054312944412231445
bench_qcgpu,6,0.05405879020690918
bench_qcgpu,6,0.058593034744262695
bench_qcgpu,6,0.0568385124206543
bench_qcgpu,6,0.0550079345703125
bench_qcgpu,6,0.05498456954956055
bench_qcgpu,6,0.05543708801269531
bench_qcgpu,6,0.05664396286010742
bench_qcgpu,6,0.05512285232543945
bench_qcgpu,6,0.05697941780090332
bench_qcgpu,6,0.055158138275146484
bench_qcgpu,6,0.055019378662109375
bench_qcgpu,6,0.054847002029418945
bench_qcgpu,6,0.05514383316040039
bench_qcgpu,6,0.055448293685913086
bench_qcgpu,6,0.05492663383483887
bench_qcgpu,6,0.054491281509399414
bench_qcgpu,6,0.05481410026550293
bench_qcgpu,6,0.05477571487426758
bench_qcgpu,6,0.055478811264038086
bench_qcgpu,6,0.05485200881958008
bench_qcgpu,6,0.055205583572387695
bench_qcgpu,6,0.054672956466674805
bench_qcgpu,6,0.055207014083862305
bench_qcgpu,7,0.07490015029907227
bench_qcgpu,7,0.07568883895874023
bench_qcgpu,7,0.07546305656433105
bench_qcgpu,7,0.07526779174804688
bench_qcgpu,7,0.07592654228210449
bench_qcgpu,7,0.07481551170349121
bench_qcgpu,7,0.07507491111755371
bench_qcgpu,7,0.07489180564880371
bench_qcgpu,7,0.07532167434692383
bench_qcgpu,7,0.07913064956665039
bench_qcgpu,7,0.07455825805664062
bench_qcgpu,7,0.07312631607055664
bench_qcgpu,7,0.13694095611572266
bench_qcgpu,7,0.07229137420654297
bench_qcgpu,7,0.07326769828796387
bench_qcgpu,7,0.07430481910705566
bench_qcgpu,7,0.07417893409729004
bench_qcgpu,7,0.07402920722961426
bench_qcgpu,7,0.07483434677124023
bench_qcgpu,7,0.07416272163391113
bench_qcgpu,7,0.07423043251037598
bench_qcgpu,7,0.0742957592010498
bench_qcgpu,7,0.07347393035888672
bench_qcgpu,7,0.07496452331542969
bench_qcgpu,7,0.07461953163146973
bench_qcgpu,7,0.07603335380554199
bench_qcgpu,7,0.07599568367004395
bench_qcgpu,7,0.07608795166015625
bench_qcgpu,7,0.07570362091064453
bench_qcgpu,7,0.07598066329956055
bench_qcgpu,7,0.07585287094116211
bench_qcgpu,7,0.07561659812927246
bench_qcgpu,7,0.07612895965576172
bench_qcgpu,7,0.07560181617736816
bench_qcgpu,7,0.07533001899719238
bench_qcgpu,7,0.07448315620422363
bench_qcgpu,7,0.07411479949951172
bench_qcgpu,7,0.07438993453979492
bench_qcgpu,7,0.11888933181762695
bench_qcgpu,7,0.07496404647827148
bench_qcgpu,8,0.10211563110351562
bench_qcgpu,8,0.09506750106811523
bench_qcgpu,8,0.09459638595581055
bench_qcgpu,8,0.09784770011901855
bench_qcgpu,8,0.09914135932922363
bench_qcgpu,8,0.09838485717773438
bench_qcgpu,8,0.09863734245300293
bench_qcgpu,8,0.09808778762817383
bench_qcgpu,8,0.0963294506072998
bench_qcgpu,8,0.09497666358947754
bench_qcgpu,8,0.09544110298156738
bench_qcgpu,8,0.15875530242919922
bench_qcgpu,8,0.0981144905090332
bench_qcgpu,8,0.09623932838439941
bench_qcgpu,8,0.09652304649353027
bench_qcgpu,8,0.09815168380737305
bench_qcgpu,8,0.09850931167602539
bench_qcgpu,8,0.09825801849365234
bench_qcgpu,8,0.09808707237243652
bench_qcgpu,8,0.09828948974609375
bench_qcgpu,8,0.09875845909118652
bench_qcgpu,8,0.0998234748840332
bench_qcgpu,8,0.09966707229614258
bench_qcgpu,8,0.09965109825134277
bench_qcgpu,8,0.09925222396850586
bench_qcgpu,8,0.09915351867675781
bench_qcgpu,8,0.09923624992370605
bench_qcgpu,8,0.09884238243103027
bench_qcgpu,8,0.14316320419311523
bench_qcgpu,8,0.10564970970153809
bench_qcgpu,8,0.0991053581237793
bench_qcgpu,8,0.09911584854125977
bench_qcgpu,8,0.09925007820129395
bench_qcgpu,8,0.09836959838867188
bench_qcgpu,8,0.09981036186218262
bench_qcgpu,8,0.0995335578918457
bench_qcgpu,8,0.09849905967712402
bench_qcgpu,8,0.09959125518798828
bench_qcgpu,8,0.0989227294921875
bench_qcgpu,8,0.09820246696472168
bench_qcgpu,9,0.1242380142211914
bench_qcgpu,9,0.19140195846557617
bench_qcgpu,9,0.12488126754760742
bench_qcgpu,9,0.12472391128540039
bench_qcgpu,9,0.12487268447875977
bench_qcgpu,9,0.12534451484680176
bench_qcgpu,9,0.12529611587524414
bench_qcgpu,9,0.12502789497375488
bench_qcgpu,9,0.12675094604492188
bench_qcgpu,9,0.12686634063720703
bench_qcgpu,9,0.1264040470123291
bench_qcgpu,9,0.16955780982971191
bench_qcgpu,9,0.12329483032226562
bench_qcgpu,9,0.12405180931091309
bench_qcgpu,9,0.12394022941589355
bench_qcgpu,9,0.12349390983581543
bench_qcgpu,9,0.12496256828308105
bench_qcgpu,9,0.12502360343933105
bench_qcgpu,9,0.1297595500946045
bench_qcgpu,9,0.1282811164855957
bench_qcgpu,9,0.12664151191711426
bench_qcgpu,9,0.1918482780456543
bench_qcgpu,9,0.12622714042663574
bench_qcgpu,9,0.126326322555542
bench_qcgpu,9,0.1266319751739502
bench_qcgpu,9,0.1258409023284912
bench_qcgpu,9,0.12607288360595703
bench_qcgpu,9,0.1263279914855957
bench_qcgpu,9,0.12633204460144043
bench_qcgpu,9,0.1259174346923828
bench_qcgpu,9,0.1254873275756836
bench_qcgpu,9,0.17170357704162598
bench_qcgpu,9,0.1259012222290039
bench_qcgpu,9,0.12602853775024414
bench_qcgpu,9,0.12455272674560547
bench_qcgpu,9,0.12236404418945312
bench_qcgpu,9,0.12318825721740723
bench_qcgpu,9,0.12367701530456543
bench_qcgpu,9,0.12342023849487305
bench_qcgpu,9,0.1237637996673584
bench_qcgpu,10,0.15334129333496094
bench_qcgpu,10,0.1949002742767334
bench_qcgpu,10,0.1564652919769287
bench_qcgpu,10,0.15622711181640625
bench_qcgpu,10,0.15748858451843262
bench_qcgpu,10,0.15665459632873535
bench_qcgpu,10,0.15742206573486328
bench_qcgpu,10,0.15726757049560547
bench_qcgpu,10,0.15696477890014648
bench_qcgpu,10,0.20413947105407715
bench_qcgpu,10,0.1610856056213379
bench_qcgpu,10,0.15693140029907227
bench_qcgpu,10,0.15807414054870605
bench_qcgpu,10,0.15662002563476562
bench_qcgpu,10,0.15613555908203125
bench_qcgpu,10,0.15486860275268555
bench_qcgpu,10,0.22031068801879883
bench_qcgpu,10,0.1537163257598877
bench_qcgpu,10,0.15487957000732422
bench_qcgpu,10,0.15533995628356934
bench_qcgpu,10,0.15512347221374512
bench_qcgpu,10,0.1573655605316162
bench_qcgpu,10,0.15495777130126953
bench_qcgpu,10,0.1539597511291504
bench_qcgpu,10,0.20186305046081543
bench_qcgpu,10,0.15465354919433594
bench_qcgpu,10,0.15401124954223633
bench_qcgpu,10,0.1562516689300537
bench_qcgpu,10,0.15769505500793457
bench_qcgpu,10,0.15797686576843262
bench_qcgpu,10,0.15596818923950195
bench_qcgpu,10,0.1577761173248291
bench_qcgpu,10,0.2017223834991455
bench_qcgpu,10,0.15375018119812012
bench_qcgpu,10,0.1544053554534912
bench_qcgpu,10,0.1548922061920166
bench_qcgpu,10,0.15341544151306152
bench_qcgpu,10,0.15279221534729004
bench_qcgpu,10,0.15328574180603027
bench_qcgpu,10,0.1532611846923828
bench_qcgpu,11,0.22957181930541992
bench_qcgpu,11,0.18803882598876953
bench_qcgpu,11,0.1878659725189209
bench_qcgpu,11,0.1887674331665039
bench_qcgpu,11,0.19291400909423828
bench_qcgpu,11,0.1865837574005127
bench_qcgpu,11,0.24884819984436035
bench_qcgpu,11,0.1887204647064209
bench_qcgpu,11,0.1886904239654541
bench_qcgpu,11,0.18859481811523438
bench_qcgpu,11,0.18936777114868164
bench_qcgpu,11,0.1885068416595459
bench_qcgpu,11,0.18843531608581543
bench_qcgpu,11,0.23343157768249512
bench_qcgpu,11,0.1870732307434082
bench_qcgpu,11,0.18900418281555176
bench_qcgpu,11,0.1903846263885498
bench_qcgpu,11,0.18779540061950684
bench_qcgpu,11,0.18389487266540527
bench_qcgpu,11,0.232069730758667
bench_qcgpu,11,0.18097376823425293
bench_qcgpu,11,0.18560194969177246
bench_qcgpu,11,0.18640899658203125
bench_qcgpu,11,0.1881542205810547
bench_qcgpu,11,0.18809843063354492
bench_qcgpu,11,0.18930745124816895
bench_qcgpu,11,0.2323758602142334
bench_qcgpu,11,0.18699121475219727
bench_qcgpu,11,0.1861579418182373
bench_qcgpu,11,0.18668127059936523
bench_qcgpu,11,0.18501019477844238
bench_qcgpu,11,0.18132448196411133
bench_qcgpu,11,0.23392319679260254
bench_qcgpu,11,0.1901102066040039
bench_qcgpu,11,0.1897897720336914
bench_qcgpu,11,0.19170093536376953
bench_qcgpu,11,0.19032025337219238
bench_qcgpu,11,0.18989157676696777
bench_qcgpu,11,0.1876523494720459
bench_qcgpu,11,0.229478120803833
bench_qcgpu,12,0.235487699508667
bench_qcgpu,12,0.23003411293029785
bench_qcgpu,12,0.2295207977294922
bench_qcgpu,12,0.22651338577270508
bench_qcgpu,12,0.2927579879760742
bench_qcgpu,12,0.22690176963806152
bench_qcgpu,12,0.22580766677856445
bench_qcgpu,12,0.22534394264221191
bench_qcgpu,12,0.223038911819458
bench_qcgpu,12,0.2254338264465332
bench_qcgpu,12,0.26476073265075684
bench_qcgpu,12,0.21867990493774414
bench_qcgpu,12,0.22166705131530762
bench_qcgpu,12,0.22760987281799316
bench_qcgpu,12,0.22568321228027344
bench_qcgpu,12,0.2629072666168213
bench_qcgpu,12,0.22309374809265137
bench_qcgpu,12,0.22402286529541016
bench_qcgpu,12,0.2264418601989746
bench_qcgpu,12,0.22655367851257324
bench_qcgpu,12,0.2745180130004883
bench_qcgpu,12,0.22914767265319824
bench_qcgpu,12,0.23065400123596191
bench_qcgpu,12,0.22694802284240723
bench_qcgpu,12,0.22793102264404297
bench_qcgpu,12,0.27384042739868164
bench_qcgpu,12,0.2300562858581543
bench_qcgpu,12,0.22902870178222656
bench_qcgpu,12,0.22900915145874023
bench_qcgpu,12,0.23110628128051758
bench_qcgpu,12,0.2750053405761719
bench_qcgpu,12,0.22989606857299805
bench_qcgpu,12,0.22938942909240723
bench_qcgpu,12,0.22913813591003418
bench_qcgpu,12,0.22914409637451172
bench_qcgpu,12,0.22953534126281738
bench_qcgpu,12,0.27622318267822266
bench_qcgpu,12,0.22882461547851562
bench_qcgpu,12,0.22910118103027344
bench_qcgpu,12,0.23542308807373047
bench_qcgpu,13,0.27434849739074707
bench_qcgpu,13,0.3370182514190674
bench_qcgpu,13,0.26975011825561523
bench_qcgpu,13,0.27243852615356445
bench_qcgpu,13,0.2711470127105713
bench_qcgpu,13,0.32050490379333496
bench_qcgpu,13,0.27033495903015137
bench_qcgpu,13,0.27217912673950195
bench_qcgpu,13,0.27021265029907227
bench_qcgpu,13,0.2710857391357422
bench_qcgpu,13,0.31093692779541016
bench_qcgpu,13,0.26821327209472656
bench_qcgpu,13,0.2688469886779785
bench_qcgpu,13,0.2653837203979492
bench_qcgpu,13,0.3140597343444824
bench_qcgpu,13,0.26188087463378906
bench_qcgpu,13,0.2682328224182129
bench_qcgpu,13,0.26654887199401855
bench_qcgpu,13,0.31406092643737793
bench_qcgpu,13,0.26891350746154785
bench_qcgpu,13,0.26733922958374023
bench_qcgpu,13,0.26674318313598633
bench_qcgpu,13,0.268709659576416
bench_qcgpu,13,0.3075101375579834
bench_qcgpu,13,0.26662635803222656
bench_qcgpu,13,0.26537156105041504
bench_qcgpu,13,0.2656693458557129
bench_qcgpu,13,0.31358838081359863
bench_qcgpu,13,0.26822805404663086
bench_qcgpu,13,0.26935839653015137
bench_qcgpu,13,0.2704026699066162
bench_qcgpu,13,0.26808834075927734
bench_qcgpu,13,0.3071305751800537
bench_qcgpu,13,0.2682993412017822
bench_qcgpu,13,0.26769423484802246
bench_qcgpu,13,0.26766180992126465
bench_qcgpu,13,0.31226158142089844
bench_qcgpu,13,0.26653480529785156
bench_qcgpu,13,0.2686781883239746
bench_qcgpu,13,0.270580530166626
bench_qcgpu,14,0.4044957160949707
bench_qcgpu,14,0.31644463539123535
bench_qcgpu,14,0.32093214988708496
bench_qcgpu,14,0.31939005851745605
bench_qcgpu,14,0.38373732566833496
bench_qcgpu,14,0.31439900398254395
bench_qcgpu,14,0.3186686038970947
bench_qcgpu,14,0.31710386276245117
bench_qcgpu,14,0.36740612983703613
bench_qcgpu,14,0.3184664249420166
bench_qcgpu,14,0.31667447090148926
bench_qcgpu,14,0.31041979789733887
bench_qcgpu,14,0.35677170753479004
bench_qcgpu,14,0.3184702396392822
bench_qcgpu,14,0.3172781467437744
bench_qcgpu,14,0.31629467010498047
bench_qcgpu,14,0.35922741889953613
bench_qcgpu,14,0.31770825386047363
bench_qcgpu,14,0.3196237087249756
bench_qcgpu,14,0.3674774169921875
bench_qcgpu,14,0.3169519901275635
bench_qcgpu,14,0.3179593086242676
bench_qcgpu,14,0.3163573741912842
bench_qcgpu,14,0.36110711097717285
bench_qcgpu,14,0.3133730888366699
bench_qcgpu,14,0.313828706741333
bench_qcgpu,14,0.30991125106811523
bench_qcgpu,14,0.3603403568267822
bench_qcgpu,14,0.31368041038513184
bench_qcgpu,14,0.31551361083984375
bench_qcgpu,14,0.3168501853942871
bench_qcgpu,14,0.3633453845977783
bench_qcgpu,14,0.31948304176330566
bench_qcgpu,14,0.3188772201538086
bench_qcgpu,14,0.31694650650024414
bench_qcgpu,14,0.36153340339660645
bench_qcgpu,14,0.3162672519683838
bench_qcgpu,14,0.3155086040496826
bench_qcgpu,14,0.31569552421569824
bench_qcgpu,14,0.36500072479248047
bench_qcgpu,15,0.378889799118042
bench_qcgpu,15,0.37244296073913574
bench_qcgpu,15,0.41696882247924805
bench_qcgpu,15,0.36551856994628906
bench_qcgpu,15,0.3673107624053955
bench_qcgpu,15,0.45090389251708984
bench_qcgpu,15,0.3757352828979492
bench_qcgpu,15,0.3735485076904297
bench_qcgpu,15,0.37635183334350586
bench_qcgpu,15,0.4164919853210449
bench_qcgpu,15,0.37268638610839844
bench_qcgpu,15,0.37383198738098145
bench_qcgpu,15,0.41333961486816406
bench_qcgpu,15,0.366558313369751
bench_qcgpu,15,0.3741483688354492
bench_qcgpu,15,0.4195995330810547
bench_qcgpu,15,0.37512850761413574
bench_qcgpu,15,0.3770902156829834
bench_qcgpu,15,0.4186549186706543
bench_qcgpu,15,0.3745303153991699
bench_qcgpu,15,0.37346482276916504
bench_qcgpu,15,0.37193918228149414
bench_qcgpu,15,0.4148752689361572
bench_qcgpu,15,0.3680245876312256
bench_qcgpu,15,0.37048912048339844
bench_qcgpu,15,0.4253063201904297
bench_qcgpu,15,0.3740527629852295
bench_qcgpu,15,0.37638354301452637
bench_qcgpu,15,0.4251091480255127
bench_qcgpu,15,0.3737633228302002
bench_qcgpu,15,0.3736445903778076
bench_qcgpu,15,0.41760969161987305
bench_qcgpu,15,0.3707733154296875
bench_qcgpu,15,0.37270402908325195
bench_qcgpu,15,0.36797523498535156
bench_qcgpu,15,0.4205448627471924
bench_qcgpu,15,0.3766655921936035
bench_qcgpu,15,0.3788931369781494
bench_qcgpu,15,0.4214940071105957
bench_qcgpu,15,0.3706169128417969
bench_qcgpu,16,0.4508171081542969
bench_qcgpu,16,0.5023565292358398
bench_qcgpu,16,0.45382142066955566
bench_qcgpu,16,0.4512948989868164
bench_qcgpu,16,0.5022087097167969
bench_qcgpu,16,0.4519155025482178
bench_qcgpu,16,0.452866792678833
bench_qcgpu,16,0.4991171360015869
bench_qcgpu,16,0.4517700672149658
bench_qcgpu,16,0.4526655673980713
bench_qcgpu,16,0.5000884532928467
bench_qcgpu,16,0.4602804183959961
bench_qcgpu,16,0.5177464485168457
bench_qcgpu,16,0.45694446563720703
bench_qcgpu,16,0.45296621322631836
bench_qcgpu,16,0.4983837604522705
bench_qcgpu,16,0.4459671974182129
bench_qcgpu,16,0.4511723518371582
bench_qcgpu,16,0.4975459575653076
bench_qcgpu,16,0.4486680030822754
bench_qcgpu,16,0.4520688056945801
bench_qcgpu,16,0.5037233829498291
bench_qcgpu,16,0.4530949592590332
bench_qcgpu,16,0.4536154270172119
bench_qcgpu,16,0.4979376792907715
bench_qcgpu,16,0.4469151496887207
bench_qcgpu,16,0.44716691970825195
bench_qcgpu,16,0.49851250648498535
bench_qcgpu,16,0.4480888843536377
bench_qcgpu,16,0.44788599014282227
bench_qcgpu,16,0.5001475811004639
bench_qcgpu,16,0.4505650997161865
bench_qcgpu,16,0.45083045959472656
bench_qcgpu,16,0.49463415145874023
bench_qcgpu,16,0.43468141555786133
bench_qcgpu,16,0.49582552909851074
bench_qcgpu,16,0.45054006576538086
bench_qcgpu,16,0.4512612819671631
bench_qcgpu,16,0.5028226375579834
bench_qcgpu,16,0.45081210136413574
bench_qcgpu,17,0.5555253028869629
bench_qcgpu,17,0.6090240478515625
bench_qcgpu,17,0.5541422367095947
bench_qcgpu,17,0.6044650077819824
bench_qcgpu,17,0.5501210689544678
bench_qcgpu,17,0.5535845756530762
bench_qcgpu,17,0.6078402996063232
bench_qcgpu,17,0.5565536022186279
bench_qcgpu,17,0.600609302520752
bench_qcgpu,17,0.5528891086578369
bench_qcgpu,17,0.5538420677185059
bench_qcgpu,17,0.6062538623809814
bench_qcgpu,17,0.5519254207611084
bench_qcgpu,17,0.6024134159088135
bench_qcgpu,17,0.5492222309112549
bench_qcgpu,17,0.5545592308044434
bench_qcgpu,17,0.6273622512817383
bench_qcgpu,17,0.5506865978240967
bench_qcgpu,17,0.5989127159118652
bench_qcgpu,17,0.54443359375
bench_qcgpu,17,0.5455262660980225
bench_qcgpu,17,0.5990898609161377
bench_qcgpu,17,0.5506269931793213
bench_qcgpu,17,0.5946531295776367
bench_qcgpu,17,0.5496258735656738
bench_qcgpu,17,0.5409612655639648
bench_qcgpu,17,0.5905842781066895
bench_qcgpu,17,0.541339635848999
bench_qcgpu,17,0.6002779006958008
bench_qcgpu,17,0.5456604957580566
bench_qcgpu,17,0.5488240718841553
bench_qcgpu,17,0.6018321514129639
bench_qcgpu,17,0.551055908203125
bench_qcgpu,17,0.5903117656707764
bench_qcgpu,17,0.5395383834838867
bench_qcgpu,17,0.5493004322052002
bench_qcgpu,17,0.604738712310791
bench_qcgpu,17,0.553938627243042
bench_qcgpu,17,0.5957982540130615
bench_qcgpu,17,0.5482068061828613
bench_qcgpu,18,0.7650625705718994
bench_qcgpu,18,0.8070058822631836
bench_qcgpu,18,0.7495830059051514
bench_qcgpu,18,0.7952289581298828
bench_qcgpu,18,0.7563345432281494
bench_qcgpu,18,0.8146276473999023
bench_qcgpu,18,0.7521178722381592
bench_qcgpu,18,0.8010907173156738
bench_qcgpu,18,0.7605597972869873
bench_qcgpu,18,0.7605202198028564
bench_qcgpu,18,0.8016705513000488
bench_qcgpu,18,0.7436356544494629
bench_qcgpu,18,0.8119375705718994
bench_qcgpu,18,0.7540013790130615
bench_qcgpu,18,0.8367588520050049
bench_qcgpu,18,0.7644252777099609
bench_qcgpu,18,0.8377056121826172
bench_qcgpu,18,0.7453532218933105
bench_qcgpu,18,0.8015170097351074
bench_qcgpu,18,0.7604608535766602
bench_qcgpu,18,0.764235258102417
bench_qcgpu,18,0.8272383213043213
bench_qcgpu,18,0.7539887428283691
bench_qcgpu,18,0.811692476272583
bench_qcgpu,18,0.7579593658447266
bench_qcgpu,18,0.8093726634979248
bench_qcgpu,18,0.7603452205657959
bench_qcgpu,18,0.8240096569061279
bench_qcgpu,18,0.7542848587036133
bench_qcgpu,18,0.768496036529541
bench_qcgpu,18,0.8107137680053711
bench_qcgpu,18,0.7570841312408447
bench_qcgpu,18,0.8386197090148926
bench_qcgpu,18,0.7593574523925781
bench_qcgpu,18,0.8119573593139648
bench_qcgpu,18,0.7617058753967285
bench_qcgpu,18,0.8030943870544434
bench_qcgpu,18,0.7472209930419922
bench_qcgpu,18,0.8148510456085205
bench_qcgpu,18,0.7522106170654297
bench_qcgpu,19,1.060978651046753
bench_qcgpu,19,1.0237364768981934
bench_qcgpu,19,1.0915889739990234
bench_qcgpu,19,1.0152690410614014
bench_qcgpu,19,1.0581259727478027
bench_qcgpu,19,1.0098040103912354
bench_qcgpu,19,1.061553955078125
bench_qcgpu,19,1.009857177734375
bench_qcgpu,19,1.0564465522766113
bench_qcgpu,19,1.0082812309265137
bench_qcgpu,19,1.0605852603912354
bench_qcgpu,19,1.0045225620269775
bench_qcgpu,19,1.081322431564331
bench_qcgpu,19,1.001028060913086
bench_qcgpu,19,1.0856304168701172
bench_qcgpu,19,1.0056886672973633
bench_qcgpu,19,1.0635297298431396
bench_qcgpu,19,1.006615161895752
bench_qcgpu,19,1.0611627101898193
bench_qcgpu,19,1.009634017944336
bench_qcgpu,19,1.065112590789795
bench_qcgpu,19,1.0136938095092773
bench_qcgpu,19,1.068906545639038
bench_qcgpu,19,1.0044190883636475
bench_qcgpu,19,1.0621986389160156
bench_qcgpu,19,1.0123379230499268
bench_qcgpu,19,1.0546410083770752
bench_qcgpu,19,1.0085229873657227
bench_qcgpu,19,1.0581157207489014
bench_qcgpu,19,0.9985849857330322
bench_qcgpu,19,1.0440633296966553
bench_qcgpu,19,1.0032846927642822
bench_qcgpu,19,1.0595877170562744
bench_qcgpu,19,1.0090060234069824
bench_qcgpu,19,1.0565240383148193
bench_qcgpu,19,1.0072219371795654
bench_qcgpu,19,1.0431561470031738
bench_qcgpu,19,1.0071179866790771
bench_qcgpu,19,1.0545916557312012
bench_qcgpu,19,1.003551721572876
bench_qcgpu,20,1.5037577152252197
bench_qcgpu,20,1.5187153816223145
bench_qcgpu,20,1.4757513999938965
bench_qcgpu,20,1.544938564300537
bench_qcgpu,20,1.4706993103027344
bench_qcgpu,20,1.5020291805267334
bench_qcgpu,20,1.4509150981903076
bench_qcgpu,20,1.505492925643921
bench_qcgpu,20,1.4289348125457764
bench_qcgpu,20,1.478346824645996
bench_qcgpu,20,1.4959180355072021
bench_qcgpu,20,1.4536089897155762
bench_qcgpu,20,1.4895296096801758
bench_qcgpu,20,1.4634006023406982
bench_qcgpu,20,1.5064764022827148
bench_qcgpu,20,1.443756341934204
bench_qcgpu,20,1.496164321899414
bench_qcgpu,20,1.497114896774292
bench_qcgpu,20,1.4479105472564697
bench_qcgpu,20,1.4955699443817139
bench_qcgpu,20,1.4529058933258057
bench_qcgpu,20,1.5139238834381104
bench_qcgpu,20,1.4735839366912842
bench_qcgpu,20,1.5286171436309814
bench_qcgpu,20,1.5062527656555176
bench_qcgpu,20,1.4756505489349365
bench_qcgpu,20,1.501405954360962
bench_qcgpu,20,1.4458093643188477
bench_qcgpu,20,1.4955413341522217
bench_qcgpu,20,1.4581756591796875
bench_qcgpu,20,1.512770414352417
bench_qcgpu,20,1.4555449485778809
bench_qcgpu,20,1.5129880905151367
bench_qcgpu,20,1.5014095306396484
bench_qcgpu,20,1.4552381038665771
bench_qcgpu,20,1.5125834941864014
bench_qcgpu,20,1.460869312286377
bench_qcgpu,20,1.4980120658874512
bench_qcgpu,20,1.4435272216796875
bench_qcgpu,20,1.5035443305969238
bench_qcgpu,21,2.335559129714966
bench_qcgpu,21,2.318466901779175
bench_qcgpu,21,2.3679330348968506
bench_qcgpu,21,2.3541929721832275
bench_qcgpu,21,2.279357433319092
bench_qcgpu,21,2.3468918800354004
bench_qcgpu,21,2.274564743041992
bench_qcgpu,21,2.3392395973205566
bench_qcgpu,21,2.333320379257202
bench_qcgpu,21,2.302597999572754
bench_qcgpu,21,2.345172882080078
bench_qcgpu,21,2.3741939067840576
bench_qcgpu,21,2.2851979732513428
bench_qcgpu,21,2.345038414001465
bench_qcgpu,21,2.285696029663086
bench_qcgpu,21,2.3498165607452393
bench_qcgpu,21,2.3144781589508057
bench_qcgpu,21,2.2822651863098145
bench_qcgpu,21,2.333794593811035
bench_qcgpu,21,2.344313859939575
bench_qcgpu,21,2.2901394367218018
bench_qcgpu,21,2.3531546592712402
bench_qcgpu,21,2.286161184310913
bench_qcgpu,21,2.3388020992279053
bench_qcgpu,21,2.3311705589294434
bench_qcgpu,21,2.282244920730591
bench_qcgpu,21,2.34778094291687
bench_qcgpu,21,2.381617546081543
bench_qcgpu,21,2.264590263366699
bench_qcgpu,21,2.3226773738861084
bench_qcgpu,21,2.3597044944763184
bench_qcgpu,21,2.3110148906707764
bench_qcgpu,21,2.365520477294922
bench_qcgpu,21,2.2969284057617188
bench_qcgpu,21,2.368224859237671
bench_qcgpu,21,2.356978178024292
bench_qcgpu,21,2.2770142555236816
bench_qcgpu,21,2.333127975463867
bench_qcgpu,21,2.3307249546051025
bench_qcgpu,21,2.30202579498291
bench_qcgpu,22,3.9520034790039062
bench_qcgpu,22,3.950916290283203
bench_qcgpu,22,3.95346999168396
bench_qcgpu,22,3.950423002243042
bench_qcgpu,22,3.9319067001342773
bench_qcgpu,22,3.911663055419922
bench_qcgpu,22,3.9397642612457275
bench_qcgpu,22,4.005876302719116
bench_qcgpu,22,3.952677011489868
bench_qcgpu,22,3.8737659454345703
bench_qcgpu,22,3.966064453125
bench_qcgpu,22,3.9607293605804443
bench_qcgpu,22,3.945166826248169
bench_qcgpu,22,3.9936671257019043
bench_qcgpu,22,3.9645705223083496
bench_qcgpu,22,3.9070241451263428
bench_qcgpu,22,3.966722249984741
bench_qcgpu,22,3.910770893096924
bench_qcgpu,22,3.9213855266571045
bench_qcgpu,22,3.8658666610717773
bench_qcgpu,22,3.917938470840454
bench_qcgpu,22,3.9193453788757324
bench_qcgpu,22,3.9238080978393555
bench_qcgpu,22,3.971095085144043
bench_qcgpu,22,3.971665859222412
bench_qcgpu,22,3.9239883422851562
bench_qcgpu,22,3.9700021743774414
bench_qcgpu,22,3.986781597137451
bench_qcgpu,22,3.908252716064453
bench_qcgpu,22,3.9591312408447266
bench_qcgpu,22,3.972885847091675
bench_qcgpu,22,3.968684673309326
bench_qcgpu,22,3.922996997833252
bench_qcgpu,22,3.9373879432678223
bench_qcgpu,22,3.9821724891662598
bench_qcgpu,22,3.9361367225646973
bench_qcgpu,22,3.9439151287078857
bench_qcgpu,22,3.9524405002593994
bench_qcgpu,22,3.9410669803619385
bench_qcgpu,22,3.968874216079712
bench_qcgpu,23,7.239556550979614
bench_qcgpu,23,7.168687343597412
bench_qcgpu,23,7.125939607620239
bench_qcgpu,23,7.0787107944488525
bench_qcgpu,23,7.145557880401611
bench_qcgpu,23,7.216611385345459
bench_qcgpu,23,7.18221640586853
bench_qcgpu,23,7.113979339599609
bench_qcgpu,23,7.171730279922485
bench_qcgpu,23,7.2116758823394775
bench_qcgpu,23,7.202965021133423
bench_qcgpu,23,7.071563482284546
bench_qcgpu,23,7.219720363616943
bench_qcgpu,23,7.091638565063477
bench_qcgpu,23,7.162187814712524
bench_qcgpu,23,7.20171856880188
bench_qcgpu,23,7.209412097930908
bench_qcgpu,23,7.24708104133606
bench_qcgpu,23,7.11811375617981
bench_qcgpu,23,7.234302997589111
bench_qcgpu,23,7.107279539108276
bench_qcgpu,23,7.1145946979522705
bench_qcgpu,23,7.177516222000122
bench_qcgpu,23,7.134611129760742
bench_qcgpu,23,7.1292502880096436
bench_qcgpu,23,7.149735450744629
bench_qcgpu,23,7.113687515258789
bench_qcgpu,23,7.228551864624023
bench_qcgpu,23,7.091536045074463
bench_qcgpu,23,7.131638050079346
bench_qcgpu,23,7.253925085067749
bench_qcgpu,23,7.13898491859436
bench_qcgpu,23,7.150261402130127
bench_qcgpu,23,7.175237417221069
bench_qcgpu,23,7.265751361846924
bench_qcgpu,23,7.166599273681641
bench_qcgpu,23,7.079313278198242
bench_qcgpu,23,7.11517071723938
bench_qcgpu,23,7.133767604827881
bench_qcgpu,23,7.173330068588257
bench_qcgpu,24,13.672895669937134
bench_qcgpu,24,13.639166593551636
bench_qcgpu,24,13.75958776473999
bench_qcgpu,24,13.536329984664917
bench_qcgpu,24,13.811523914337158
bench_qcgpu,24,13.911815881729126
bench_qcgpu,24,13.976080656051636
bench_qcgpu,24,13.893340587615967
bench_qcgpu,24,13.83345103263855
bench_qcgpu,24,13.704365253448486
bench_qcgpu,24,13.864269018173218
bench_qcgpu,24,13.84739875793457
bench_qcgpu,24,13.823515176773071
bench_qcgpu,24,13.89176058769226
bench_qcgpu,24,13.887550115585327
bench_qcgpu,24,13.835203886032104
bench_qcgpu,24,13.831878423690796
bench_qcgpu,24,14.022339344024658
bench_qcgpu,24,13.819555282592773
bench_qcgpu,24,13.912569999694824
bench_qcgpu,24,13.798922538757324
bench_qcgpu,24,13.805057525634766
bench_qcgpu,24,13.820163249969482
bench_qcgpu,24,13.962766170501709
bench_qcgpu,24,13.892224550247192
bench_qcgpu,24,13.667430877685547
bench_qcgpu,24,13.381971836090088
bench_qcgpu,24,13.633240461349487
bench_qcgpu,24,13.546626091003418
bench_qcgpu,24,13.494842290878296
bench_qcgpu,24,13.789257287979126
bench_qcgpu,24,13.545876264572144
bench_qcgpu,24,13.508407831192017
bench_qcgpu,24,13.525380373001099
bench_qcgpu,24,13.741072654724121
bench_qcgpu,24,13.883929967880249
bench_qcgpu,24,13.94765043258667
bench_qcgpu,24,13.747565269470215
bench_qcgpu,24,13.822099924087524
bench_qcgpu,24,13.85412883758545
bench_qcgpu,25,26.757000207901
bench_qcgpu,25,27.030773878097534
bench_qcgpu,25,26.662044048309326
bench_qcgpu,25,26.85852074623108
bench_qcgpu,25,26.821951627731323
bench_qcgpu,25,26.983381509780884
bench_qcgpu,25,26.965588808059692
bench_qcgpu,25,26.91115927696228
bench_qcgpu,25,26.72094225883484
bench_qcgpu,25,26.544298887252808
bench_qcgpu,25,26.763336420059204
bench_qcgpu,25,27.107041835784912
bench_qcgpu,25,26.868390798568726
bench_qcgpu,25,26.714643478393555
bench_qcgpu,25,26.884828329086304
bench_qcgpu,25,27.015024662017822
bench_qcgpu,25,26.788063526153564
bench_qcgpu,25,27.00841975212097
bench_qcgpu,25,27.270891427993774
bench_qcgpu,25,26.86139416694641
bench_qcgpu,25,27.45712161064148
bench_qcgpu,25,26.90830135345459
bench_qcgpu,25,27.008750438690186
bench_qcgpu,25,27.104595184326172
bench_qcgpu,25,27.136465072631836
bench_qcgpu,25,27.23462224006653
bench_qcgpu,25,27.196195125579834
bench_qcgpu,25,26.88808536529541
bench_qcgpu,25,27.008637189865112
bench_qcgpu,25,27.0458984375
bench_qcgpu,25,26.851476669311523
bench_qcgpu,25,26.85118341445923
bench_qcgpu,25,26.909777402877808
bench_qcgpu,25,26.629437685012817
bench_qcgpu,25,26.95447325706482
bench_qcgpu,25,26.789756059646606
bench_qcgpu,25,26.857399225234985
bench_qcgpu,25,26.833943367004395
bench_qcgpu,25,26.625553607940674
bench_qcgpu,25,26.829131364822388
bench_qcgpu,26,53.12969899177551
bench_qcgpu,26,52.83771252632141
bench_qcgpu,26,53.21811771392822
bench_qcgpu,26,52.837868213653564
bench_qcgpu,26,52.81397533416748
bench_qcgpu,26,53.341418981552124
bench_qcgpu,26,52.90918517112732
bench_qcgpu,26,51.59140229225159
bench_qcgpu,26,51.58379364013672
bench_qcgpu,26,51.77973031997681
bench_qcgpu,26,51.47378730773926
bench_qcgpu,26,51.489609718322754
bench_qcgpu,26,51.443318605422974
bench_qcgpu,26,51.26640868186951
bench_qcgpu,26,51.48581123352051
bench_qcgpu,26,52.03479743003845
bench_qcgpu,26,52.09763813018799
bench_qcgpu,26,51.75227236747742
bench_qcgpu,26,51.54567813873291
bench_qcgpu,26,51.07678532600403
bench_qcgpu,26,51.77510643005371
bench_qcgpu,26,51.76562738418579
bench_qcgpu,26,52.06736779212952
bench_qcgpu,26,51.18952822685242
bench_qcgpu,26,51.517614126205444
bench_qcgpu,26,51.4472439289093
bench_qcgpu,26,52.414239168167114
bench_qcgpu,26,51.431843280792236
bench_qcgpu,26,52.76905655860901
bench_qcgpu,26,52.199382066726685
bench_qcgpu,26,51.584155559539795
bench_qcgpu,26,52.91877794265747
bench_qcgpu,26,53.6350736618042
bench_qcgpu,26,52.908562660217285
bench_qcgpu,26,52.89434552192688
bench_qcgpu,26,52.79030394554138
bench_qcgpu,26,52.93613886833191
bench_qcgpu,26,53.12684440612793
bench_qcgpu,26,53.63713526725769
bench_qcgpu,26,52.92650032043457
